right	right_center	center	left_center	left	sci	conspiracy	questionable	satire
www.whitehouse.gov	7news.com.au	9news.com	972mag.com	achnews.org	www.airspacemag.com	21stcenturywire.com	secondamendmentdaily.com	aceflashman.wordpress.com
2ndvote.com	71republic.com	12news.com	abcnews.go.com	act.tv	www.aap.org	369news.net	100percentfedup.com	adobochronicles.com
AIA	Australia	www.38north.org	www.abc.net.au	AFJ	www.aaas.org	911truth.org	www.10news.one	alternativelyfacts.com
www.aim.org	Spain	www.680news.com	abc11.com	www.alternet.org	AGU	www.abeldanger.org	www.avoiceformen.com	alternative-science.com
www.acting-man.com	theadvocates.org	1010wins.radio.com	abovethelaw.com	aidc.org.za	www.ajaonline.org	www.abovetopsecret.com	activistmommy.com	babylonbee.com
altnewsmedia.net	www.ac2news.com	abc12.com	aceshowbiz.com	americablog.com	AJPH	latitudes.org	english.alarabiya.net	bigamericannews.com
Association of Mature American Citizens	english.ahram.org.eg	news.abs-cbn.com	www.aclu.org	americanbridgepac.org	AMA	www.activistpost.com	www.albawaba.com	bizstandardnews.com
https://americarisingpac.org/	Alabama News	adfontesmedia.com/	aeon.co	americannewsx.com	APS	awdnews.com	allnewspipeline.com	BNN
ACLJ	www.abqjournal.com	africacheck.org	affinitymagazine.us	www.au.org	www.apsa.org	www.ageofautism.com	www.adflegal.org	www.breakingburgh.com
americanconsequences.com	www.americanactionforum.org	www.africanews.com	africanarguments.org	angrywhitemen.org	https://www.apa.org	allianceforadvancedhealth.com	alphanewsmn.com	bullshitnews.org
www.aei.org	americanaffairsjournal.org	agdaily.com	ahvalnews.com	antifascistnews.net	www.americanscientist.org	ANH-USA	americadaily.com	www.burrardstreetjournal.com
americansforprosperity.org	ACSH	AFP	beaconjournal.com	www.autostraddle.com	ADAA	AMTV	https://americatalks.com	www.callthecops.net
www.afpc.org	www.americanfirearms.org	ANSA	www.aljazeera.com	www.citypaper.com	www.archaeology.org	alternativenews.com	americanactionnews.com	civictribune.com
amgreatness.com	aier.org	www.agerpres.ro	www.al-monitor.com	www.ebar.com	www.astronomy.com	althealthworks.com	www.acpeds.org	www.clickhole.com
ALEC	www.americasquarterly.org	agweb.com	www.almasdarnews.com	www.themaven.net	www.skeptics.com.au	americandigitalnews.com	americanconservativemedia.com	confederacyofdrones.com
www.americanlibertyreport.com	antiwar.com	airwars.org	al-sura.com	bitchmedia.org	ASAN	americanfreepress.net	www.afa.net	www.cracked.com
spectator.org	arcamax.com	www.alreporter.com	www.guttmacher.org	blackagendareport.com	BMC	ahtribune.com	www.americasfreedomfighters.com	www.dailysquib.co.uk
amimagazine.org	www.arkansasonline.com	altoday.com	www.timesunion.com	blackamericaweb.com	BIO	aim4truth.org	www.americanjournalreview.com	dailyworldupdate.us
www.ammoland.com	Israel National News	democratherald.com	https://albertaviews.ca	blacklivesmatter.com	CDC	americasfrontlinedoctors.com	americanlookout.com	dailysnark.com
www.aa.com.tr	www.aninews.in	ad.nl	www.allgov.com	blackmainstreet.net	climateactiontracker.org	www.ancient-code.com	www.americanpatriotdaily.com	www.derfmagazine.com
arizonadailyindependent.com	www.atlanticcouncil.org	securingdemocracy.gmfus.org	alliedprogress.org	bluestatedaily.com	www.climatecentral.org	www.ancient-origins.net	americanpeopledaily.com	www.duffelblog.com
www.armstrongeconomics.com	beinglibertarian.com	www.amarillo.com	www.amny.com	boingboing.net	climatefeedback.org	answersingenesis.org	americanprinciplesproject.org	duhprogressive.com
www.aina.org	berlingske.dk	www.americanheritage.com	www.americamagazine.org	bostonreview.net	CSPW	www.ae911truth.org	www.amren.com	empirenews.net
axiomnewsnetwork.com	bild.de	americanmilitarynews.com	www.americanimmigrationcouncil.org	bust.com	www.cochrane.org	asia-pacificresearch.com	www.tfp.org	www.empiresports.co
bearingarms.com	billingsgazette.com	API	mediabiasfactcheck.com	canadafactcheck.ca	www.csicop.org	assassinationscience.com	www.americanthinker.com	encyclopediadramatica.rs
www.beliefnet.com	bipartisanpolicy.org	news.amomama.com	www.amnesty.org	canadiandimension.com	www.consumerlab.com	www.australiannationalreview.com	americantruthtoday.com	www.enduringvision.com
www.bizpacreview.com	www.bostonherald.com	independentmail.com	adn.com	capitalandmain.com	contrailscience.com	www.autismspeaks.org	AWM	eveningharold.com
blabber.buzz	breakingdefense.com	arcdigital.media	www.annistonstar.com	www.care2.com	cosmosmagazine.com	awarenessact.com	americansarepissed.com	fmobserver.com
bluelivesmatter.blue	thebreakthrough.org	azcapitoltimes.com	www.anthropocenemagazine.org	ceasefiremagazine.co.uk	discovermagazine.com	beholdisrael.org	https://americansfortruth.com	frankmag.ca
boundingintocomics.com	bt.dk	arstechnica.com	www.adl.org	www.americanprogress.org	doubtfulnews.com	biggovernment.news	americasnewssource.com	freedomcrossroads.com
brexitcentral.com	www.businesslive.co.za	courier-tribune.com	www.aol.com	www.prwatch.org	earthsky.org	biodefense.com	analyzingamerica.org	genesiustimes.com
buzzsawpolitics.com	calgaryherald.com	www.atimes.com	www.apmreports.org	c4ss.org	www.earthmagazine.org	biologos.org	www.anonews.co	www.gishgallop.com
www.calgarysun.com	https://californiaglobe.com/	apnews.com	tucson.com	https://www.change.org/	www.edge.org	www.blacklistednews.com	www.arabnews.com	gomerblog.com
ca-political.com	www.capoliticalreview.com	atlasobscura.com	azdailysun.com	www.chicagoreader.com	www.britannica.com	brightside.me	archaeology-world.com	harddawn.com
www.campaignlifecoalition.com	campaignforliberty.org	ballotpedia.org	www.azcentral.com	chicagoreporter.com	eurekalert.org	www.catholic.org	AAPS	headlinennews.com
www.campusreform.org	www.cjnews.com	www.bangkokpost.com	www.arktimes.com	china.org.cn	https://www.everydayhealth.com/	www.charismanews.com	backroombuzz.com	www.hillarybeattrump.org
capitalresearch.org	www.taxpayer.com	www.baxterbulletin.com	https://www.armscontrol.org	www.chroniclesofdemocracy.com	examine.com	childrenshealthdefense.org	bannedinformation.com	huzlers.com
www.chicksontheright.com	capitalismmagazine.com	en.bbarta24.net	arte.tv	citizencritics.org	fas.org	CARM	www.barenakedislam.com	In My Arrogant Opinion
http://www.cc.org	www.cato.org	www.belfercenter.org	www.citizen-times.com	www.cnn.com	www.frontiersin.org	CBN	basnews.com	chronicle.su
christianheadlines.com	https://www.ccn.com	www.bnd.com	asiancorrespondent.com	www.codepink.org	journal.frontiersin.org	creation.com	bb4sp.com	www.larknews.com
www.christiannewsalerts.com	cftni.org	www.bellingcat.com	magazine.atavist.com	https://columbusfreepress.com/	futurism.com	www.christianscience.com	beforeitsnews.com	legorafi.fr/
www.christianpost.com	checkyourfact.com	www.bettergov.org	atlantablackstar.com	www.commondreams.org	GEN	www.legitgov.org	www.bjreview.com	liberalbias.com
christiantoday.com	www.chicagotribune.com	www.bignewsnetwork.com	www.ajc.com	copblock.org	www.geneticliteracyproject.org	climatechangedispatch.com	bestdailynews.info	madhousemagazine.com
www.chroniclesmagazine.org	www.christianitytoday.com	bigthink.com	www.theatlantic.com	www.cosmopolitan.com	healio.com	www.climatedepot.com	bigleaguepolitics.com	mcsweeneys.net
www.citizenfreepress.com	www.cincinnati.com	bismarcktribune.com	www.atlanticmedia.com	www.countercurrents.org	healthfeedback.org	judithcurry.com	http://www.billionbibles.org	moronmajority.com
citizensunited.org	gazette.com	us.blastingnews.com	www.attn.com	www.counterpunch.org	www.healthline.com	climatism.blog	www.bipartisanreport.com	newromantimes.com
www.city-journal.org	www.columbiadailyherald.com	https://www.bleepingcomputer.com	www.statesman.com	crikey.com.au	www.howstuffworks.com	www.coasttocoastam.com	bitchute.com	www.newsbiscuit.com
www.nccivitas.org	www.dispatch.com	bnonews.com	austindailyherald.com	crimethinc.com	www.insidescience.org	www.collective-evolution.com	https://blackeyepolitics.com	newsmutiny.com
claremont.org	crfb.org	www.bridgemi.com	avclub.com	crooked.com	IEEE	CFACT	www.blackgenocide.org	newsthump.com
www.colddeadhands.us	www.dailyherald.com	bringmethenews.com	www.axios.com	crooksandliars.com	IHME	consciouslifenews.com	blackpigeonspeaks.com	npcdaily.com
www.commentarymagazine.com	www.dailypress.com	thebulletin.org	backchannel.com	www.currentaffairs.org	IOP	conspiracydailyupdate.com	www.blingnews.com	PCS
www.commdiginews.com	https://www.dailyo.in	www.bullshido.net	balkaninsight.com	www.curvemag.com	www.irena.org	consumerwellness.org	www.bluedotdaily.com	potatriotsunite
conservativebase.com	www.dallasnews.com	www.business2community.com	www.baltimoresun.com	www.thedailybeast.com	issues.org	cosmicintelligenceagency.com	bluntforcetruth.com	realnewsrightnow.com
www.conservativedailynews.com	www.volkskrant.nl	www.c-span.org	bangordailynews.com	www.dailydot.com	web.randi.org	geopolitics.co	bossip.com	reductress.com
www.conservativehq.com	www.deccanchronicle.com	CPAC	baptistnews.com	Scotland	www.hopkinsmedicine.org	creationwiki.org	breaking911.com	www.rockcitytimes.com
www.conservativeinstitute.org	www.deseretnews.com	www.capecodtimes.com	www.battlecreekenquirer.com	dailysoundandfury.com	www.jstor.org	csglobe.com	breakingchristiannews.com	sanctumnews.com
conservativeopinion.com	www.desertsun.com	capitolfax.com	www.bbc.com	www.dallasvoice.com	www.livescience.com	curiousmindmagazine.com	breakingfirst.com	www.satirev.org
www.conservativereview.com	www.detroitnews.com	trib.com	bellinghamherald.com	deadstate.org	www.mayoclinic.org	www.dailygrail.com	breakingnewshouse.com	schmedium.org
conservativetoday.com	diepresse.com	www.castanet.net	www.berkeleyside.com	deadspin.com	www.medicaldaily.com	dailyhealthpost.com	breakingwide.com	southendnewsnetwork.net
cowgernation.com	welt.de	philadelphia.cbslocal.com	www.berkshireeagle.com	www.deathandtaxesmag.com	www.medicalnewstoday.com	dailyoccupation.com	www.breitbart.com	sportspickle.com
crimeresearch.org	www.downsizinggovernment.org	cdt.org	berliner-zeitung.de	deepsouthvoice.com	medicalxpress.com	www.darkjournalist.com	caixinglobal.com	stgeorgegazette.com
www.crisismagazine.com	edmontonexaminer.com	www.opensecrets.org	billmoyers.com	democracychronicles.org	www.medscape.com	www.davidicke.com	caldronpool.com	stiltonsplace.blogspot.com
dailycaller.com	edmontonjournal.com	www.csis.org	www.bing.com	www.democracynow.org	www.mentaldaily.com	www.davidwolfe.com	canadafreepress.com	stubhillnews.com
www.express.co.uk	www.edmontonsun.com	channelnewsasia.com	www.birminghammail.co.uk	www.democraticunderground.com	www.technologyreview.com	www.disclose.tv	cap-news.com	stuppid.com
www.thedailyliberator.com	elmundo.es	charitynavigator.org	bleacherreport.com	https://www.deshabhimani.com/	mosaicscience.com	www.discovery.org	CCTV-9	suffolkgazette.com
dailysignal.com	EPPC	timesfreepress.com	www.bloomberg.com	www.desmogblog.com	www.nasa.gov	disobedientmedia.com	www.trueactivist.com	www.sundaysportonline.co.uk
dailysurge.com	ekirikas.com	www.chinookobserver.com	www.bluestemprairie.com	www.dissentmagazine.org	NAS	Dr. Oz	researchantisemitism.ca	thatsprettygoodscience.com
UK	expressen.se	www.csmonitor.com	www.bostonglobe.com	www.drudge.com	NCEI	draxe.com	www.centerforsecuritypolicy.org	www.atlbanana.com
www.dcstatesman.com	www.faithfamilyamerica.com	cityandstateny.com	bgr.com	earthfirstjournal.org	www.nationalgeographic.com	EWAO	Cernovich.com	www.thebeaverton.com
dailytorch.com/	longwarjournal.org	www.cnet.com	www.brennancenter.org	www.ecowatch.com	NIH	earthpulse.com	https://www.checkpointasia.net	www.betootaadvocate.com
dcwhispers.com	www.financialexpress.com	www.ced.org	www.brookings.edu	egbertowillies.com	www.noaa.gov	educateinspirechange.org	www.chinadaily.com.cn	chaser.com.au
debatepost.com	www.financialpost.com	www.cpj.org	www.buffalonews.com	www.electoral-vote.com	www.nature.com	educate-yourself.org	america.cgtn.com/	www.dailydiscord.com
telegraaf.nl	www.firstpost.com	www.concordmonitor.com	www.businessinsider.com	electronicintifada.net	nautil.us	eluxemagazine.com	christianaction.org	www.thedailymash.co.uk
disrn.com	fitchratings.com	www.congress.gov	www.bustle.com	elisabethparker.com	neurosciencenews.com	endtimeheadlines.org	www.churchmilitant.com	thedailymire.com
dmlnews.com	www.fitsnews.com	CBO	www.buzzfeed.com	elitedaily.com	newatlas.com	EWG	clarionproject.org	dandygoat.com
eagleactionreport.com	www.forbes.com	constitutioncenter.org	calwatchdog.com	elle.com	www.theness.com	escapeallthesethings.com	clashdaily.com	halfwaypost.com
www.economicpolicyjournal.com	www.foreignpolicyi.org	www.consumerreports.org	www.canadalandshow.com	www.esquire.com	newhumanist.org.uk	www.godandscience.org	https://cloverchronicle.com	thehardtimes.net
https://www.egypttoday.com	www.fpri.org	consumerist.com	www.capitalgazette.com	everydayfeminism.com	www.newscientist.com	www.evolutionnews.org	www.cnsnews.com	thelapine.ca
energycitizens.org	www.star-telegram.com	cookpolitical.com	www.caribbeanlifenews.com	evonomics.com	www.nextbigfuture.com	fabiosa.com	cei.org	themideastbeast.com
erlc.com	fortnightlyreview.co.uk	corriere.it	carnegieendowment.org	www.feministcurrent.com	nextobserver.com	faithit.com	concernedwomen.org	www.theonion.com
factsandlogic.org	fortune.com	www.cfr.org	carolinapublicpress.org	feministing.com	oceana.org	www.faithpanda.com	www.conservapedia.com	outabouter.com
www.faithwire.com	fee.org	www.countable.us	http://www.catchnews.com	thefifthcolumnnews.com	www.paho.org	familysurvivalheadlines.com	conservativeammo.com/	thepeoplescube.com
fakehatecrimes.org	foxbusiness.com	www.courthousenews.com	www.cbc.ca	www.fifthestate.org	phys.org	fellowshipoftheminds.com	conservativebyte.com	www.politicalgarbagechute.com
farleftwatch.com	franklincenterhq.org	covidtracking.com	boston.cbslocal.com	filmingcops.com	www.ispp.org	www.ff911truthandunity.org	conservativedailypost.com	www.the-postillon.com
federalistpress.com	www.fraserinstitute.org	www.cp24.com	www.cbsnews.com	finnishnews.fi	www.popularmechanics.com	foodbabe.com	conservativefighters.com	theredshtick.com
fedsoc.org	https://freedomalliance.org	crimeola.com	c4ads.org	www.foodandwaterwatch.org	www.popsci.com	www.foodmatters.com	conservativefiringline.com	thelastlineofdefense.org
firstinfreedomdaily.com	freedomhouse.org	www.ctvnews.ca	www.cgdev.org	www.foreignpolicyjournal.com	PNAS	foreverconscious.com	www.conservativefreepress.com	thesciencepost.com
www.firstthings.com	gp.se	dccircuitbreaker.org	www.centerforinquiry.org	foreignpolicynews.org	psychcentral.com	thefreethoughtproject.com	conservativemedia.com	www.theshovel.com.au
www.defenddemocracy.org	www.mlive.com	www.dailybusinessreview.com	www.ciponline.org	freepress.org	www.psychologytoday.com	www.freedomadvocates.org	facebook.com/conservativepoliticstoday	www.thespoof.com
www.foxnews.com	www.guns.com	dailycamera.com	www.cnas.org	frnewsreport.com	www.psypost.org	freedomainradio.com	conservativepost.com	times.com.mx
www.freerepublic.com	AUS	Illinois	populardemocracy.org	ffrf.org	www.plos.org	friendsofscience.org	www.westernjournal.com	undergroundnewsreport.com
freewestmedia.com	heterodoxacademy.org	Missouri	www.publicintegrity.org	freedomnews.org.uk	www.ncbi.nlm.nih.gov	www.fromthetrenchesworldreport.com	CAIR	https://thereisnews.com
freedomcrossroads.com/	www.hpenews.com	dailymaverick.co.za	www.cbpp.org	www.frontpagelive.com	www.quackwatch.org	gaia.com	dailybuzzlive.com	tittletattle365.com
www.freedomworks.org	www.thehindubusinessline.com	www.dailyrecord.com	CNA	Freespeech.org	www.quantamagazine.org	www.geoengineeringwatch.org	dailyheadlines.net	truthbang.net
www.ff.org	honestreporting.com	www.darientimes.com	UK	geopoliticsalert.com	www.realclearscience.com	getholistichealth.com	www.dailymail.co.uk	www.truthbrary.org
www.futureinamerica.com	www.hoover.org	www.daytondailynews.com	www.wvgazettemail.com	gizmodo.com	www.realclimate.org	www.globalhealingcenter.com	dailypoliticalnewswire.com	uspoln.com
www.getreligion.org	humanprogress.org	www.defensenews.com	www.charlotteobserver.com	globalvoices.org	www.realmofhistory.com	www.globalresearch.ca	www.dailystar.co.uk	viralcords.com
www.gopusa.com	ilgiornale.it	www.defenseone.com	cheddar.com	www.good.is	www.redorbit.com	gmwatch.org	dailystormer.name	waterfordwhispersnews.com
www.g-a-i.org	inhomelandsecurity.com	delrionewsherald.com	chicago.suntimes.com	www.gq.com	www.researchgate.net	www.godlikeproductions.com	www.dcbluedot.com	https://wokennews.com
news.grabien.com	www.indiatimes.com/	www.desmoinesregister.com	chinaafricaproject.com	www.bradford-delong.com	resourcewatch.org	www.gotquestions.org	dcdirtylaundry.com	worldnewsdailyreport.com
greatamericanpolitics.com	indiatoday.in	www.differencebetween.net	citizentruth.org	www.greenleft.org.au	retractionwatch.com	govtslaves.com	thedcgazette.com	witscience.org
order-order.com	The Forum of Fargo-Moorhead	www.digitaljournal.com	CREW	gritpost.com	www.scicentral.com	greenmedinfo.com	www.debka.com	
heatst.com	www.insidesources.com	www.doctorswithoutborders.org	ctj.org	guardianlv.com	www.sciencebasedmedicine.org	www.greenpeace.org	deepleftfield.info	
www.heritage.org	theihs.org	www.dpa-international.com	Citylab.com	theguardiansofdemocracy.com	scienceblogs.com	gulagbound.com	www.defendevropa.org	
www.hermancain.com	www.independent.ie	www.duluthnewstribune.com	citypages.com	www.haaretz.com	www.sciencedaily.com	www.haarp.net	defiantamerica.com	
hotair.com	www.israelhayom.com	leadertelegram.com	clarionledger.com	hillreporter.com	sciencefeedback.co	healingfoodreference.com	DNC	
www.hudson.org	www.itv.com	www.ejinsight.com	cleantechnica.com	www.huffingtonpost.com	www.sciencehistory.org	healingoracle.ch	deplorablekel.com	
humanevents.com	www.jpost.com	elnuevodia.com	www.cnbc.com	www.hrc.org	scienceillustrated.com.au	healthimpactnews.com	www.discoverthenetworks.org	
hurriyet.com.tr	jewishbreakingnews.com	www.goerie.com	www.cjr.org	www.marxist.com	www.sciencemag.org	www.healthnutnews.com	www.drudgereport.com	
www.hurriyetdailynews.com	jewishjournal.com	Estonia Public Broadcasting	colombiareports.com	inthesetimes.com	www.sciencemediacentre.org	healthrangerreport.com	eaglerising.com	
ibleedredwhiteblue.com	www.jns.org	www.eurasiagroup.net	investigaterussia.org	www.inequalitymedia.org	www.sciencenews.org	hsionline.com	emirates247.com	
www.illinoispolicy.org	www.justfacts.com	www.euronews.com	www.commoncause.org	Juan Cole	sciencetrends.com	healthyandnaturalworld.com	en-volve.com	
imprimis.hillsdale.edu	www.justfactsdaily.com	www.everycrsreport.com	www.commonwealmagazine.org	www.ips-dc.org	www.sciencealert.com	healthyfoodhouse.com	endthefed.org	
www.independentsentinel.com	katu.com	www.factcheck.org	www.commonwealthfund.org	www.internationalviewpoint.org	www.scientificamerican.com	www.healthy-holistic-living.com	everytown.org/	
iwf.org	www.koreaherald.com	factscan.ca	ctpost.com	www.intrepidreport.com	scripps.ucsd.edu	hellochristian.com	AbcBusinessNews.com	
www.influencewatch.org	kutv.com	www.factwire.org	consortiumnews.com	iowastartingline.com	www.seeker.com	savethemales.ca	explainlife.com	
ifstudies.org	https://www.lmtonline.com	www.fairobserver.com	www.constitutionproject.org	itsgoingdown.org	singularityhub.com	herb.co	www.exposinggovernment.com	
www.intellectualtakeout.org	www.reviewjournal.com	fayobserver.com	www.councilforthenationalinterest.org	www.jacobinmag.com	www.skeptic.com	higherperspectives.com	factcheckingturkey.com	
www.investors.com	www.learnliberty.org	federalnewsnetwork.com	credoaction.com	jezebel.com	www.skepticalraptor.com	www.homeopathyjournal.net	factswanted.com	
ipatriot.com	leicestermercury.co.uk	www.federaltimes.com	crosscut.com	latest.com	skepticalscience.com	humansarefree.com	www.frc.org	
issuesinsights.com	lexingtoninstitute.org	www.ft.com	ctmirror.org	www.lavendermagazine.com	www.skepticink.com	iceagenow.info	fashthenation.com	
www.jewishpolicycenter.org	www.libertarianism.org	firstcoastnews.com	www.mirror.co.uk	laweekly.com	skeptoid.com	www.iflscience.com	femalista.com	
www.jewishworldreview.com	listverse.com	firstdraftnews.org	www.dawn.com	leftfootforward.org	www.skyandtelescope.com	www.ihealthtube.com	flagandcross.com	
judicialnetwork.com	LBC	floridapolitics.com	www.dcreport.org	leftoverrights.com	www.smithsonianmag.com	iheartintelligence.com	www.usafortrumponline.com	
justthenews.com	www.standard.co.uk	jacksonville.com	deadline.com	www.leftvoice.org	www.societyforscience.org	illuminatiwatcher.com	www.focusonthefamily.com	
kansaspolicy.org	www.lfpress.com	www.foreignaffairs.com	www.deccanherald.com	www.leftscoop.com	www.space.com	www.independentsciencenews.org	fortherightnews.com	
lawenforcementtoday.com	www.dailynews.com	foreignpolicy.com	debunkingdenialism.com	www.lgbtqnation.com	techxplore.com	www.infiniteunknown.net	freedomnewsreport.com	
legalinsurrection.com	lynx.media	fosters.com	www.delawareonline.com	libcom.org	AAAS	informationclearinghouse.info	www.frontpagemag.com	
libertyhangout.org	www.mackinac.org	www.france24.com	delo.si	liberalamerica.life	British Medical Journal	www.infowars.com	www.gatestoneinstitute.org	
www.libertyheadlines.com	www.manilatimes.net	freewheelus.com	www.democracy21.org	www.liberalexaminer.com	thelancet.com	icr.org	pamelageller.com	
www.libertynation.com	marginalrevolution.com	fullfact.org	www.democratandchronicle.com	www.liberationnews.org	www.the-scientist.com	responsibletechnology.org	www.geologyin.com	
libertytalk.fm	www.marketwatch.com	gainesville.com	www.demos.org	littlegreenfootballs.com	www.skepdic.com	www.intellihub.com	girlsjustwannahaveguns.com	
fightpp.org	www.mercatus.org	www.gallup.com	www.denverpost.com	mashable.com	watchers.news	ICSC	globalinfotoday.com	
www.lifenews.com	www.metabunk.org	geek.com	www.freep.com	mediamatters.org	understandrealitythroughscience.blogspot.com	investmentwatchblog.com	www.globemagazine.com	
www.lifezette.com	montrealgazette.com	www.globalintegrity.org	www.zeit.de	www.mediaite.com	UNEP	iowaclimate.org	gnews.org	
loneconservative.com	mynorthwest.com	www.globalslaveryindex.org	digg.com	meduza.io	www.universetoday.com	www.israelislamandendtimes.com	thegoodlordabove.com	
louderwithcrowder.com	www.nationalaffairs.com	Iowa	https://diply.com/	meidastouch.com	science.energy.gov	www.jeffereyjaxen.com	godfatherpolitics.com	
lozierinstitute.org	nationalinterest.org	www.goodnewsnetwork.org	www.diversityinc.com	www.merryjane.com	www.verywell.com	www.jesusdaily.com	www.goodgopher.com	
www.lyincomey.com	www.nationalpost.com	GAO	www.dutchdailynews.com	www.miaminewtimes.com	www.webmd.com	www.jesus-is-savior.com	gop.gov	
www.unionleader.com	nos.nl	www.govtrack.us	dutchreview.com	www.middleeastmonitor.com	www.who.int	junkscience.com	grainoftruth.ca	
www.manhattan-institute.org	observer.com	www.greatfallstribune.com	www.dw.com	modernliberals.com	public.wmo.int	larouchepac.com	greatamericandaily.com	
www.mediacircus.com	nypost.com	www.greenbaypressgazette.com	earth.columbia.edu	www.molad.org	www.zmescience.com	learntherisk.org	https://greatamericanrepublic.com	
mediaequalizer.com	.news.com.au	www.greenvilleonline.com	earthjustice.org	mondoweiss.net		libertyvideos.org	gulfnews.com	
MRC 	newsheist.com	group30.org	www.eastbaytimes.com	www.moonofalabama.org		lifespa.com	www.hangthebankers.com	
www.mercatornet.com	newsrescue.com	https://hanfordsentinel.com	www.epi.org	Magazine		liveaction.org	en.hawarnews.com	
milliyet.com.tr/	www.news-gazette.com	hbr.org	www.economicshelp.org	www.msnbc.com		www.livestrong.com	headtopics.com	
mises.org	nhk.or.jp	news.harvard.edu	egyptianstreets.com	www.nationofchange.org		www.livingwhole.org	www.heartland.org	
www.nationalcenter.org	nwaonline.com	www.healthcarefinancenews.com	elpais.com	NAACP		mediafactwatch.com	www.hoggwatch.com	
www.nationalreview.com	New Tang Dynasty	herald-review.com	www.elpasotimes.com	www.nrdc.org		mediaroots.org	iharare.com	
newbostonpost.com	www.opendoorsusa.org	www.hoax-slayer.com	www.eff.org	newint.org		medicalmedium.com	www.ihatethemedia.com	
www.newrevolutionnow.org	www.oregonlive.com	www.homelandsecuritynewswire.com	emerging-europe.com	newpol.org		www.medicine.news	ilovemyfreedom.org	
www.newsbusters.org	ottawacitizen.com	www.i24news.tv	www.emptywheel.net	newrepublic.com		www.mercola.com	ihypocrite.net	
www.newsmax.com	ottawasun.com	icitizen.com	www.engadget.com	www.newstatesman.com		www.mindbodygreen.com	www.illegalaliencrimereport.com	
noqreport.com	www.pacificresearch.org	www.idahostatesman.com	https://ew.com	amsterdamnews.com		www.modernalternativemama.com	illicitinfo.com	
www.nraila.org	www.peninsuladailynews.com	www.imediaethics.org	euobserver.com	nymag.com		nationalfile.com	imowired.com	
ntknetwork.com	www.post-gazette.com	inc.com	www.euractiv.com	www.newyorker.com		www.nvic.org	infogalactic.com	
www.numbersusa.com	triblive.com	ijr.org	www.eurasiareview.com	newscorpse.com		www.naturalawakeningsmag.com	www.informationliberation.com	
offgridsurvival.com	www.policyed.org	Montana	www.exposingtruth.com	www.newshounds.us		naturalcures.com	www.infoscum.com	
www.oann.com	politisite.com	IVN	facebook.com/news	www.newsone.com		www.naturalhealth365.com	innerstrength.zone	
oneangrygamer.net	punchingbagpost.com	indexmundi.com	factmyth.com	www.newsweek.com		www.naturalnews.com	IHR	
www.onenewsnow.com	www.rstreet.org	www.indystar.com	fair.org	north99.org		naturalnewsradio.com	IOF	
www.ontarioproud.ca	www.rasmussenreports.com	www.dailybulletin.com	www.fairvote.org	nowtoronto.com		naturalsociety.com	www.israelvideonetwork.com	
www.opslens.com	www.realcleardefense.com	IWPR	www.fastcompany.com	www.occupy.com		naturallysavvy.com	joeforamerica.com	
panampost.com	www.realclearinvestigations.com	www.icij.org	feministfrequency.com	www.onegreenplanet.org		needtoknow.news	www.judicialwatch.org	
pantsonfirenews.com	www.realclearpolicy.com	www.iea.org	www.fightforthefuture.org	OEN		neonnettle.com	www.justthefacts.org	
www.patriotnewsalerts.com	www.realclearpolitics.com	journals.cambridge.org	fivethirtyeight.com	out.com		newamericannews.com	knightstemplarinternational.com	
patriotnewsdaily.com	www.realclearreligion.org	www.freemedia.at	fpif.org	www.palmerreport.com		newsinsideout.com	ladylibertysnews.com	
patriotretort.com	reason.com	www.rescue.org	www.fwweekly.com	www.pastemagazine.com		www.newstarget.com	leftaction.com	
www.pluralist.com	www.valleynewslive.com	www.ire.org	francetvinfo.fr	www.peacock-panache.com		www.newsbud.com	leftexposed.org	
politicalite.com	leaderpost.com	www.investopedia.com	freakonomics.com	PFAW		notrickszone.com	www.lewrockwell.com	
politichicks.com	remingtonresearchgroup.com	www.jacksonsun.com	www.fresnobee.com	people.com		www.nowtheendbegins.com	londonwebnews.com	
politifeed.net	www.republicworld.com	www.janes.com	fusion.net	photographyisnotacrime.com		nutritionfacts.org	www.loonwatch.com	
www.populistwire.com	www.srnnews.com	www.japantimes.co.jp	www.gaystarnews.com	www.pinknews.co.uk		organicconsumers.org	https://www.lucianne.com	
www.powerlineblog.com	www.sbsun.com	JTA	www.glamour.com	politicaldig.com		organicfacts.net	madworldnews.com	
projectveritas.com	thestarphoenix.com	journalgazette.net/	www.globalcitizen.org	politicaltribune.org		ourhealthguides.com	magadailyreport.com	
conservativesus.party	savannahnow.com	justicedenied.org	globalnews.ca	www.politicususa.com		oye.news	www.magapill.com	
publicinterestlegal.org	scoperatings.com	kff.org	www.pri.org	politizoom.com		pandemic.news	en.mehrnews.com	
quadrant.org.au	sofrep.com	kait8.com	globalrealnews.com	popular.info		patriots4truth.org	en.metapedia.org	
www.rd.com	www.studentnewsdaily.com	kcra.com	globalriskinsights.com	popularresistance.org		www.peta.org	https://middleamericandemocrat.com	
redalertpolitics.com	www.tallahassee.com	kdvr.com	www.globaltimes.cn	www.pressprogress.ca		prepareforchange.net	www.meforum.org	
renewedright.com	taxfoundation.org	turnto23.com	gothamist.com	progressivearmy.com		pressfortruth.ca	Memri	
www.restoreamericanglory.com	www.tharawat-magazine.com	kiro7.com	www.governing.com	boldprogressives.org		prevention.com	mixi.media	
ricochet.com	www.algemeiner.com	knowyourmeme.com	whistleblower.org	projectcensored.org		principia-scientific.org	moonbattery.com	
rightandfree.com	www.theamericanconservative.com	knowherenews.com	www.govexec.com	www.queerty.com		www.prisonplanet.com	front.moveon.org	
www.ronpaullibertyreport.com	www.the-american-interest.com	www.knoxnews.com	www.greentechmedia.com	rabble.ca		www.propornot.com	myrightamerica.com	
sabah.com.tr	chronicle.augusta.com	kstp.com	grist.org	rantt.com		www.prophecynewswatch.com	natall.com	
savejersey.com	www.theaustralian.com.au	ktla.com	www.gunviolencearchive.org	www.rappler.com		www.prophecytoday.com	www.nationaleconomicseditorial.com	
www.secureamericanow.org	https://thebrunswicknews.com	ktuu.com	harpers.org	www.rawstory.com		qanon.pub	www.nationalenquirer.com	
sentinelksmo.org	https://thebulwark.com/	ktva.com	www.courant.com	RSN		www.rapturenewsnetwork.com	home.nra.org	
sbgi.net	thechronicleherald.ca	news9.com	harvardpolitics.com	www.readingthepictures.org		realclimatescience.com	nrlc.org	
sonorannews.com	www.couriermail.com.au	ledevoir.com	www.health.com	therealnews.com		www.realjewnews.com	nationalvanguard.org	
southernpatriotnews.com	Dalton	lansingstatejournal.com	www.healthyway.com	www.redpepper.org.uk		www.realnews24.com	www.newnation.org	
spiked-online.com	thedispatch.com	https://www.lcsun-news.com	heavy.com	refinery29.com		www.realfarmacy.com	newsblaze.com	
www.standpointmag.co.uk	durangoherald.com	law.com	hs.fi	republicanssucks.org		redoubtnews.com	newspunch.com	
starpolitical.com/	www.theecjournal.com	law360.com	www.helsinkitimes.fi	www.republicreport.org		www.rense.com	www.newswithviews.com	
tenthamendmentcenter.com	www.thefiscaltimes.com	lawfareblog.com	www.hcn.org	Post Carbon Institute		returntonow.net	newsammo.com	
www.adelaidenow.com.au	Cedar Rapids	leadstories.com	highline.huffingtonpost.com	revcom.us		revolutionradio.org	en.newsner.com	
americanmind.org	Toronto	ldnews.com	www.hindustantimes.com	rewire.news		sanevax.org	newswars.com	
theblacksphere.net	www.independent.org	limacharlienews.com	historynewsnetwork.org	www.rightwingwatch.org		sciencevibe.com	nordicmonitor.com	
www.theblaze.com	www.thejacknews.com	journalstar.com	www.hollywoodreporter.com	trofire.com		www.sgtreport.com	notallowedto.com	
carepublican.com	the-japan-news.com	lancasteronline.com	civilbeat.org	www.rollingstone.com		www.sheepkillers.com	now8news.com	
thecitizenpress.com	www.jewishpress.com	lompocrecord.com	www.staradvertiser.com	www.salon.com		shoebat.com	nowthisnews.com	
www.thecollegefix.com	www.theledger.com	reporterherald.com	www.chron.com	www.scarymommy.com		SOTT	nationalrighttolifenews.org	
www.theconservativenut.gop	thelibertarianrepublic.com	www.makeuseof.com	www.hrw.org	shadowproof.com		www.skeptiko.com	www.oathkeepers.org	
www.conservativewoman.co.uk	nation.com.pk	www.memeorandum.com	www.humanium.org	shareblue.com		space.news	occupydemocrats.com	
thedailydefender.com	www.thenewatlantis.com	mentalfloss.com	www.icenews.is	shondaland.com		sitsshow.blogspot.com	outragedpatriot.com	
AUS	international.thenewslens.com	en.mercopress.com	ifamericaknew.org	www.slate.com		www.stormfront.org	overpassesforamerica.com	
www.dailywire.com	www.theobjectivestandard.com	merionwest.com	independentaustralia.net	readsludge.com		sustainablepulse.com	www.pacificpundit.com	
dc-chronicle.com	www.oklahoman.com	www.metrowestdailynews.com	inews.co.uk	www.worldsocialism.org		swprs.org	patribotics.blog	
www.theepochtimes.com	Jamestown, New York	www.military.com	infobae.com	socialistworker.org		theantimedia.com	patriotjournal.org	
thefederalist.com	www.pe.com	www.militarytimes.com	www.inquisitr.com	sourcepolitics.com/		www.thecommonsenseshow.com	patriotreport.com	
thehayride.com	www.thequint.com	missoulian.com	www.insideedition.com	www.sourcewatch.org		www.corbettreport.com	patrioticviralnews.com	
themilreview.com	www.thesmokinggun.com	Michigan â€“ Booth Newpapers	www.insidehighered.com	www.splcenter.org		thedailyconspiracy.com	pcmustdie.com	
thenationalherald.com	www.thesorrentino.com	mtstandard.com	www.insidephilanthropy.com	splinternews.com		www.thedailysheeple.com	peacedata.net	
www.thenewamerican.com	uk	morningconsult.com	insider.com	www.stpete4peace.org		www.eutimes.net	perezhilton.com	
newlypress.com	USA	napavalleyregister.com	insideclimatenews.org	www.syriana-analysis.com		www.greanvillepost.com/	pjmedia.com	
thenewrevere.com	www.spokesman.com	www.nber.org	imeu.org	talkingpointsmemo.com		healthranger.com	pmnightlynews.com	
theohiostar.com	www.straitstimes.com	NCSL	ITEP	teenvogue.com		theheartysoul.com	politicalflare.com	
patriotpost.us	thestreet.com	www.followthemoney.org	www.ibtimes.com	www.telesurtv.net		thehighwire.com	www.thepoliticalinsider.com	
www.thepostmillennial.com	www.theitem.com	www.nationaljournal.com	www.icrw.org	www.advocate.com		www.thelibertybeacon.com	politicalmayhem.news	
therantidote.com	Port Huron	www.nationmaster.com	www.crisisgroup.org	americanindependent.com		themindunleashed.org	https://politicalstate.org/	
therealstrategy.com	timesofindia.indiatimes.com	navytimes.com	www.interpretermag.com	prospect.org		therundownlive.com	www.politifact.news	
rebelnews.com	www.thetimes.co.uk	theneed2know.com	www.inverse.com	www.austinchronicle.com		stream.org	pop.org	
theresurgent.com	www.washingtoninstitute.org	www.newbernsj.com	ipolitics.ca	www.blue-route.org		www.thetrumpet.com	powderedwigsociety.com	
therightscoop.com	thewest.com.au	www.nzherald.co.nz	www.irinnews.org	www.theburningspear.com		thetruthaboutcancer.com	www.prageru.com	
www.ronpaulinstitute.org	yomiuri.co.jp	newsandnews.com	www.jacksonfreepress.com	UK		www.thetruthseeker.co.uk	pravdareport.com	
Malaysia	Pennsylvania	KFOR.com	www.japantoday.com	www.climaterealityproject.org		www.wakingtimes.com	www.presstv.com	
www.thesun.co.uk	www.timeslive.co.za	www.newslookup.com	www.jihadica.com	www.daily49er.com		thinkinghumanity.com	prntly.com	
tennesseestar.com	www.toledoblade.com	South Africa	jointcenter.org	thedailybanter.com		thinkingmomsrevolution.com	en.protothema.gr	
www.thetruthaboutguns.com	www.cjonline.com	newsela.com	www.helvidius.org	the-daily.buzz		thoughtcatalog.com	protrumpnews.com/	
www.torontosun.com	tovima.gr	www.newsguardtech.com	daily.jstor.org	www.thedailyvox.co.za		thoughtcrimeradio.net	www.puppetstringnews.com	
trendingviews.co	www.valuewalk.com	YourNewsNet.com	www.justsecurity.org	www.democratichub.com		www.thrivemovement.com	quillette.com	
tribunist.com	vancouversun.com	www.newsnow.co.uk	www.kansascity.com	https://www.thedodo.com		truepundit.com	rawconservativeopinions.com	
www.trtworld.com	www.wsj.com	nst.com.my	kenoshanews.com	dworkinreport.com		www.trunews.com	realconservativesunite.com	
twitchy.com	www.rep-am.com	www.nextgov.com	www.kmov.com	theestablishment.co		www.twisted.news	redbluedivide.com	
www.unwatch.org	wctrib.com	niskanencenter.org	www.knightfoundation.org	thefloridasqueeze.com		www.ukcolumn.org	redice.tv	
unitynewsnetwork.co.uk	www.kansas.com	www.nknews.org	www.koco.com	www.thefrisky.com		usahitman.com	redstatewatcher.com	
https://www.updateamerica.com/	www.sungazette.com	www.nolabels.org	kotaku.com	thefingnews.com		usawatchdog.com	https://www.reedcooper.net	
www.usapoliticstoday.com	news-herald.com	www.noozhawk.com	kqed.org	ghionjournal.com		vaccineimpact.com	www.renewamerica.com	
ussanews.com	windsorstar.com	www.northkoreatimes.com	kuow.org	www.theimproper.com		www.vaccines.news	RNC	
vesselnews.io	cbs12.com	nwfdailynews.com	www.kurdistan24.net	indypendent.org		www.vaccinesrevealed.com	righterway.com	
www.vivaliberty.com	https://yankeeinstitute.org	www.nwitimes.com	laconiadailysun.com	theintellectualist.co		vactruth.com	rightwingnews.com	
www.washingtonexaminer.com	www.zebrafactcheck.com	www.novinite.com	www.lapresse.ca	www.thelily.com		vaxxter.com	rightsmarts.com	
freebeacon.com		oilprice.com	repubblica.it	www.thelondoneconomic.com		www.veteranstoday.com	rightwing.news	
www.weaselzippers.us		www.openthegovernment.org	lastampa.it	www.themarysue.com		vigilantcitizen.com	North Korea	
www.weeklystandard.com		www.ocregister.com	www.latimes.com	www.themilitant.com		www.viralnewsnetwork.net	www.rt.com	
www.westernfreepress.com		www.oyez.org	lasvegassun.com	Australia		wattsupwiththat.com	rudaw.net	
www.westmonster.com		www.guampdn.com	www.latintimes.com	www.morningstaronline.co.uk		anonhq.com	ruptly.tv	
www.whatfinger.com		patch.com	lawandcrime.com	https://www.thenation.com/		wearechange.org	russia-insider.com	
whitehouse.gov		www.patheos.com	www.leftjustified.com	www.nationalmemo.com		westonaprice.org	tass.com	
world.wng.org		www.pnj.com	lethbridgeherald.com	www.thenewcivilrightsmovement.com		whale.to	www.ruthinstitute.org	
worldtribune.com		pjstar.com	www.kentucky.com	theoutline.com		www.whatreallyhappened.com	www.smobserved.com	
yellowhammernews.com		www.pgpf.org	www.liberalmountain.com	www.palestinechronicle.com		www.whatdoesitmean.com	shafaaq.com	
YAF		piie.com	lifehacker.com	www.progressive.org		wikispooks.com	www.shtfplan.com	
www.youngcons.com		www.pewresearch.org	www.liveleak.com	progressivefrontier.com		https://www.worldaffairsbrief.com	www.sickchirpse.com	
		placesjournal.org	lamag.com	www.samefacts.com		worldtruth.tv	southafricatoday.net	
		www.poconorecord.com	www.macleans.ca	www.theroot.com		x22report.com	sonsof1776.com	
		politicalwire.com	mainebeacon.com	La Source		www.zerohedge.com	sputniknews.com	
		www.politico.com	mainichi.jp	thesternfacts.com			www.staresattheworld.com	
		www.politifact.com	mb.com.ph	www.texasobserver.org			stateofthenation.co	
		www.polygraph.info	maplight.org	www.villagevoice.com			steadfastandloyal.com	
		www.poynter.org	www.mcclatchydc.com	thewalrus.ca			stonecoldtruth.com	
		prnewswire.mediaroom.com	www.mediafiledc.com	theweek.com			stfnreport.com	
		www.procon.org	medium.com	worldcantwait.net			www.strategic-culture.org	
		pogo.org	www.metro.us	thegrio.com			subjectpolitics.com	
		www.publicpolicypolling.com	metro.co.uk	theoswatch.com			https://survivalblog.com/	
		www.prri.org	nhregister.com	thinkprogress.org			swampdrain.com	
		qctimes.com	mexiconewsdaily.com	this.org			swarajyamag.com	
		www.rferl.org	www.miamiherald.com	www.towleroad.com			takimag.com	
		www.rand.org	mic.com	www.treehugger.com			www.tasnimnews.com	
		rapidcityjournal.com	www.migrationpolicy.org	www.tribunemagazine.org			www.teaparty.org	
		rare.us	www.jsonline.com	truthagainstthemachine.com			www.teapartypatriots.org	
		www.recode.net	www.startribune.com	www.truthdig.com			teddystick.com	
		relevantmagazine.com	MPR	truthout.org			theamericanmirror.com	
		rsf.org	www.minnpost.com	truththeory.com			www.angrypatriotmovement.com	
		reporterslab.org	www.mintpressnews.com	uproxx.com			thebeardedpatriot.com	
		www.reuters.com	news.mongabay.com	www.upworthy.com			thebeltwayreport.com/	
		rfi.fr/en/	monthlyreview.org	www.vanityfair.com			www.theconservativebrief.com	
		riverdalepress.com	themoscowtimes.com	verifiedpolitics.com			conservativepapers.com	
		www.rollcall.com	www.motherjones.com	www.vermontindependent.org			www.thedailybell.com	
		Radio Television of Ireland	www.mnn.com	verrit.com			www.dcclothesline.com	
		www.russialies.com	www.mtdemocrat.com	viraltitle.com			thedeplorablesociety.com	
		www.sandiegouniontribune.com	www.msn.com	www.vox.com			theduran.com	
		www.sanmarcosrecord.com	www.muncievoice.com	wallstreetonparade.com			economictimes.indiatimes.com	
		santamariatimes.com	mwcnews.net	washingtonbabylon.com			thefederalistpapers.org	
		www.heraldtribune.com	www.nakedcapitalism.com	Not C-Span			www.fairus.org	
		www.sayfiereview.com	www.naplesnews.com	washingtonpress.com			thefreedomtimes.com	
		sciencedebate.org	transequality.org	washingtonsources.org			thefreepatriot.org	
		www.scoopnest.com	natmonitor.com	washingtonian.com			freetelegraph.com	
		www.scotusblog.com	www.nationalnewswatch.com	wearyourvoicemag.com			www.thegatewaypundit.com	
		www.shareably.net	www.nationalobserver.com	wehuntedthemammoth.com			thehornnews.com	
		shorensteincenter.org	www.youthrights.org	whatmattersnews.com			thelapost.com	
		shreveporttimes.com	www.resourcegovernance.org	whitehousewatch.com			theconservativetreehouse.com	
		www.simplepolitics.co.uk	www.nature.org	whowhatwhy.org			lastresistance.com	
		siouxcityjournal.com	www.nbcnews.com	wonkette.com			thelaughclub.net	
		news.sky.com	nbcnewyork.com	www.workers.org			thelibertydaily.com	
		www.smartnews.com	www.ncpolicywatch.com	wsws.org			www.thelibertyeagle.com	
		www.snopes.com	www.ndtv.com	www.yesmagazine.org			eng.majalla.com	
		www.sun-sentinel.com	www.newamerica.org	tytnetwork.com			themillenniumreport.com	
		www.ny1.com	NECN	yourblackworld.net			www.thenationalpatriot.com	
		spectrumreport.com	www.neweurope.eu	zcomm.org			thenationalpulse.com	
		www.sctimes.com	newleftreview.org				UAE	
		www.stripes.com	newmatilda.com				mynewsguru.com	
		News	newmoderate.com				other98.com	
		www.statesmanjournal.com	citynews1130.com				thepeoplestruth.com	
		stimson.org	newsbreak.com				www.thepostemail.com	
		www.strategypage.com	www.nydailynews.com				thepremiumnews.com	
		www.stratfor.com	www.nytimes.com				www.proudcons.com	
		www.taipeitimes.com	www.newsandgutsmedia.com				theproudliberal.org	
		taskandpurpose.com	www.newsdeeply.com				www.thereligionofpeace.com	
		techstartups.com	www.newsday.com				remnantnewspaper.com	
		www.texasstandard.org	www.newser.com				therightstuff.biz	
		www.thatsnonsense.com	www.newsy.com				therightists.com	
		auburnpub.com	nhk.or.jp/nhkworld/				sciencetimes.com	
		www.afr.com	www.npr.org				www.tehrantimes.com	
		www.thebalance.com	occupyindependents.com				www.digifection.com	
		www.thebureauinvestigates.com	www.ocweekly.com				www.thetrumpmedia.com	
		www.thecanadianpress.com	www.oilandwaterdontmix.org				thetruthdivision.com	
		www.chronicle.com	www.oneindia.com				theunionjournal.com	
		www.thecipherbrief.com	www.opendemocracy.net				www.unz.com	
		theconversation.com	www.opposingviews.com				theuspatriot.com	
		thedailycentrist.com	www.orlandosentinel.com				usa-conservative.com	
		daily-chronicle.com	ourworldindata.org				washingtonfeed.com	
		dailygazette.com	www.outsidethebeltway.com				thewashingtonreporter.com	
		Longview	www.ozy.com				thewashingtonsentinel.com	
		dailynorthwestern.com	psmag.com				thinkamericana.com	
		www.dailyprogress.com	palmbeachdailynews.com				chicagodaily.pro	
		New London	patrioticmillionaires.org				toofab.com	
		www.defconwarningsystem.com	www.pbs.org				toprightnews.com	
		thediplomat.com	inquirer.com				www.toptopic.club	
		www.economist.com	www.inquirer.net				townhall.com	
		www.fakenewscodex.com	phillyvoice.com				tplnews.com	
		theflipside.io	www.phoenixnewtimes.com				trendingpolitics.com	
		Utah	politicalcritique.org				triggerreset.net	
		Massachusetts	politicsthatwork.com				www.truthexam.com	
		Durham, North Carolina	polygon.com				www.truebluescoop.com	
		thehill.com	www.populationconnection.org				trueviralnews.com	
		thehumanist.com	www.pressherald.com				trump.news	
		jamestown.org	pamplinmedia.com				www.trumpservativenews.info	
		www.jordantimes.com	www.positive.news				trumptrainnews.com	
		www.journalstandard.com	www.private-eye.co.uk				www.truthandaction.org	
		www.macon.com	www.project-syndicate.org				truthinmedia.com	
		www.themarshallproject.org	www.propublica.org				www.truthmonitor.com	
		memepoliceman.com	www.prospectmagazine.co.uk				www.truthrevolt.org	
		www.themoderatedmedia.com	www.providencejournal.com				truthuncensored.net	
		www.modbee.com	www.citizen.org				www.tpusa.com	
		Texas	qz.com				unclesamsmisguidedchildren.com	
		www.mcall.com	www.rfa.org				undergroundjournalist.org	
		thenevadaindependent.com	www.newsobserver.com				www.understandingthethreat.com	
		Mexico City	rationalwiki.org				uniquewebmagazine.com	
		www.thenews.com.pk	religionnews.com				uniteamericafirst.com	
		www.thenewsliteracyproject.org	https://www.rgj.com				ushealthyadvisor.com	
		observatory.journalism.wisc.edu	represent.us				usbacklash.org	
		Monmouth University	www.revealnews.org				www.uschronicle.com	
		www.pantagraph.com	rightweb.irc-online.org				usinfonews.com	
		www.phnompenhpost.com	rocketnews.com				usjournalreview.com	
		www.postandcourier.com	heraldonline.com				https://uslibertywire.com/	
		poststar.com	rooseveltinstitute.org				usnationalnews.org	
		Syracuse	www.sacbee.com				usaconservativereport.com	
		recordnet.com	www.sltrib.com				usadailypost.us	
		Indiana	www.mysanantonio.com				usadosenews.com	
		Masslive	www.sandiegoreader.com				usainfront.com	
		www.scotsman.com	www.sfchronicle.com				usaisonline.com	
		Pennsylvania	www.sfexaminer.com				usanews4u.us	
		sociable.co	sfglobe.com				usanewstoday.org	
		thesouthern.com	www.mercurynews.com				politicsusanews.com	
		thestrategybridge.org	sanluisobispo.com				www.usapubliclife.com	
		tennessean.com	www.independent.com				usareally.com	
		Illinois	sapiens.org				www.usasupreme.com	
		thetandd.com	saudigazette.com.sa				www.usaworldbox.com	
		thetowntalk.com	sciencing.com				www.usafirstinformation.com	
		truthsetter.com	www.scoopwhoop.com				usanetwork.info	
		vindy.com	scroll.in				uspostman.com	
		wcfcourier.com	www.seattlepi.com				bloodandsoil.org	
		Zweites Deutsches Fernsehen	www.seattletimes.com				en.radiovaticana.va	
		www.thejournal.ie	secondnexus.com				www.vdare.com	
		www.thirdway.org	www.sentencingproject.org				vidmax.com	
		www.thoughtco.com	www.sfgate.com				viralcocaine.com	
		timesofsandiego.com	shameproject.com				viralhatch.com	
		Idaho	sojo.net				viralliberty.com	
		www.todayifoundout.com	www.sootoday.com				voiceofeurope.com	
		www.transparency.org	www.scmp.com				walkwithher.com	
		transpartisanreview.com/	www.sbs.com.au				wallbuilders.com	
		tribunecontentagency.com	www.spiegel.de				fibrohealthnews.com	
		tri-cityherald.com	www.twincities.com				https://thewashingtonpundit.com	
		truthbetold.news	stamfordadvocate.com				www.washingtontimes.com	
		www.truthorfiction.com	www.nj.com				weconservative.com	
		www.tvw.org	www.silive.com				wethepeopledaily.com	
		undark.org	stepfeed.com				www.webdaily.com	
		UPI	www.stopfake.org				www.westernsentinel.com	
		www.house.gov	www.stuff.co.nz				whatstheharm.net	
		www.usaspending.gov	sunlightfoundation.com				wikiislam.net	
		www.usafacts.org	www.swissinfo.ch				winningdemocrats.com	
		www.standard.net	SOHR				www.thepublicdiscourse.com	
		verafiles.org	www.tabletmag.com				wokesloth.com	
		www.viralthread.com	www.taiwannews.com.tw				womenarehuman.com	
		www.vocativ.com	www.tampabay.com				facebook.com/WOMENSRIGHTSNEWS/	
		www.voanews.com	www.tarbell.org				www.wnd.com	
		www.voiceofsandiego.org	www.taxjustice.net				www.worldnewspolitics.com	
		www.vosizneias.com	www.taxpolicycenter.org				worldstarhiphop.com	
		votesmart.org	techcrunch.com				yesimright.com	
		https://www.wacotrib.com	www.techdirt.com				yc.news	
		warontherocks.com	www.texasmonthly.com				www.zootfeed.com	
		C-Span	www.texastribune.org				Maga2020.us	
		WTOP	Australia					
		www.wearethemighty.com	www.asahi.com					
		wfmz.com	www.theautomaticearth.com					
		en.wikinews.org	thebaffler.com					
		www.wikipedia.org	budapestbeacon.com					
		www.wikitribune.com	CEPR					
		World is One News	tcf.org					
		host.madison.com	chinapost.nownews.com					
		fox35orlando.com	www.thechristianleft.org					
		www.weforum.org	www.thecitizen.org.au					
		wn.com	thecity.nyc					
		worldometers.info	coloradosun.com					
		www.worldpoliticsreview.com	canadians.org					
		worldpopulationreview.com	www.courier-journal.com					
		worldpress.org	www.dailyclimate.org					
		WRI	dailyhive.com					
		wsaz.com	www.dailytarheel.com					
		wtae.com	ECFR					
		fox29.com	Lehigh Valley					
		zdnet.com	forward.com					
			https://www.readfrontier.org					
			www.theguardian.com					
			Everett					
			thehilltalk.com					
			newsite.thehindu.com					
			www.independent.co.uk					
			indianexpress.com					
			theintercept.com					
			www.irishtimes.com					
			www.irrawaddy.com					
			www.thejakartapost.com					
			www.lohud.com					
			www.koreatimes.co.kr					
			lincolnproject.us					
			thelist.com					
			Norway					
			themoderatevoice.com					
			fool.com					
			www.nationinstitute.org					
			www.alaraby.co.uk					
			thenewtropic.com					
			www.thenewstribune.com					
			Danbury					
			TNW					
			UK					
			www.theodysseyonline.com					
			www.theolympian.com					
			www.palmbeachpost.com					
			www.pennlive.com					
			www.cleveland.com					
			www.pressdemocrat.com					
			pulsegulfcoast.com					
			New Jersey					
			www.theringer.com					
			www.thesaturdaypaper.com.au					
			www.theskimm.com					
			www.thestate.com					
			Arizona					
			www.thestranger.com					
			thesunmagazine.org					
			www.smh.com.au					
			thetab.com					
			www.thetrace.org					
			thetyee.ca					
			thevarsity.ca					
			www.theverge.com					
			pilotonline.com					
			www.theweek.co.uk					
			wilderness.org					
			thewire.in					
			www.thisisthezerohour.com					
			www.thewrap.com					
			news.trust.org					
			https://www.thrillist.com					
			time.com					
			www.timesheadline.com					
			www.timesofisrael.com					
			www.nola.com					
			https://www.tmz.com/					
			toinformistoinfluence.com					
			www.tomdispatch.com					
			www.thestar.com					
			uawire.org					
			www.unicornriot.ninja					
			www.ucsusa.org					
			www.uft.org					
			www.universitybusiness.com					
			www.urban.org					
			www.usatoday.com					
			www.usnews.com					
			UTR					
			uticaod.com					
			variety.com					
			vibe.com					
			www.vice.com					
			victoriaadvocate.com					
			virginiamercury.com					
			www.votevets.org					
			www.vulture.com					
			walesonline.co.uk					
			www.washingtonblade.com					
			washingtonmonthly.com					
			www.washingtonpost.com					
			westernmassnews.com					
			wgntv.com					
			www.wikileaks.org					
			wingsoverscotland.com					
			www.wired.com					
			www.wnyc.org					
			www.wilsoncenter.org					
			www.worldpolicy.org					
			www.worldcrunch.com					
			wsvn.com					
			www.news.cn					
			news.yahoo.com					
			https://yaleglobal.yale.edu/					
			www.ynetnews.com					
			www.ydr.com					
			www.yorkdispatch.com					
			youthradio.org					
